INSERT INTO `days` (DAY_ID, DAY_NAME) VALUES (2,'Вторник'),(1,'Понедельник'),(5,'Пятница'),(3,'Среда'),(6,'Суббота'),(4,'Четверг');
INSERT INTO `grades` (GRADE_ID , NUMBER) VALUES (2,'10а'),(1,'11б'),(3,'9в');
INSERT INTO `lessons` (LESSON_ID ,START, END) VALUES (1,'09:00:00','09:45:00'),(2,'09:55:00','10:40:00'),(3,'11:00:00','11:45:00'),(4,'12:05:00','12:50:00'),(5,'13:00:00','13:45:00'),(6,'13:55:00','14:40:00'),(7,'14:45:00','15:30:00');
INSERT INTO `users` (USER_ID ,LOGIN, PASSWORD, ROLE, FIRST_NAME, SECOND_NAME, LAST_NAME, EMAIL, ADDRESS, BIRTH_DATE, GRADE_ID) VALUES (1,'login','$2a$10$JOH/77ffecVQf3tF1PaY1etBkCD8pS5ZAFzdwMoXw6aKwx8QGOTYi','STUDENT','Никита','Сергеев','Николаевич','email','СПб','1997-03-23',1),(2,'login1','$2a$10$JOH/77ffecVQf3tF1PaY1etBkCD8pS5ZAFzdwMoXw6aKwx8QGOTYi','STUDENT','Даниил','Ситдиков','Альбертович','email1','СПб','1997-03-23',1),(3,'login2','$2a$10$JOH/77ffecVQf3tF1PaY1etBkCD8pS5ZAFzdwMoXw6aKwx8QGOTYi','STUDENT','Борис','Иванов','Глебович','email2','СПб','1997-03-23',1),(4,'login3','$2a$10$JOH/77ffecVQf3tF1PaY1etBkCD8pS5ZAFzdwMoXw6aKwx8QGOTYi','STUDENT','Лариса','Урбановская','Макаровна','email3','СПб','1997-03-23',1),(5,'login4','$2a$10$JOH/77ffecVQf3tF1PaY1etBkCD8pS5ZAFzdwMoXw6aKwx8QGOTYi','STUDENT','Вилен','Калашников','Аркадьевич','email4','СПб','1997-03-23',1),(6,'login5','$2a$10$JOH/77ffecVQf3tF1PaY1etBkCD8pS5ZAFzdwMoXw6aKwx8QGOTYi','STUDENT','Игнатий','Селезнёв','Альвианович','email5','СПб','1997-03-23',2),(7,'login6','$2a$10$JOH/77ffecVQf3tF1PaY1etBkCD8pS5ZAFzdwMoXw6aKwx8QGOTYi','STUDENT','Николай','Поляков','Русланович','email6','СПб','1997-03-23',2),(8,'login7','$2a$10$JOH/77ffecVQf3tF1PaY1etBkCD8pS5ZAFzdwMoXw6aKwx8QGOTYi','STUDENT','Наталья','Лазарева','Прокловна','email7','СПб','1997-03-23',2),(9,'login8','$2a$10$JOH/77ffecVQf3tF1PaY1etBkCD8pS5ZAFzdwMoXw6aKwx8QGOTYi','TEACHER','Инга','Кулакова','Святославовна','email8','СПб','1997-03-23',NULL),(10,'login9','$2a$10$JOH/77ffecVQf3tF1PaY1etBkCD8pS5ZAFzdwMoXw6aKwx8QGOTYi','TEACHER','Данил','Новосельцев','Родионович','email9','СПб','1997-03-23',NULL),(11,'login10','$2a$10$JOH/77ffecVQf3tF1PaY1etBkCD8pS5ZAFzdwMoXw6aKwx8QGOTYi','TEACHER','Лариса','Авдеева','Мечиславовна','email10','СПб','1997-03-23',NULL),(12,'login11','$2a$10$JOH/77ffecVQf3tF1PaY1etBkCD8pS5ZAFzdwMoXw6aKwx8QGOTYi','TEACHER','Влада','Чекудаева','Константиновна','email11','СПб','1997-03-23',NULL),(13,'login12','$2a$10$JOH/77ffecVQf3tF1PaY1etBkCD8pS5ZAFzdwMoXw6aKwx8QGOTYi','TEACHER','Рада','Зухина','Ираклиевна','email12','СПб','1997-03-23',NULL),(14,'login13','$2a$10$JOH/77ffecVQf3tF1PaY1etBkCD8pS5ZAFzdwMoXw6aKwx8QGOTYi','TEACHER','Оксана','Дёмшина','Елизаровна','email13','СПб','1997-03-23',NULL),(15,'login14','$2a$10$JOH/77ffecVQf3tF1PaY1etBkCD8pS5ZAFzdwMoXw6aKwx8QGOTYi','TEACHER','Лилия','Чепурина','Брониславовна','email14','СПб','1997-03-23',NULL);
INSERT INTO `subjects` (SUBJECT_ID, NAME, ROOM) VALUES (1,'Математика',65),(2,'Русский язык',98),(3,'Физкультура',2),(4,'Физика',32),(5,'Алгебра',36),(6,'Геометрия',37),(7,'Информатика',12),(8,'География',59),(9,'ОБЖ',44),(10,'Литература',63),(11,'История',28),(12,'Обществознание',88);
INSERT INTO `marks` (MARK_ID, VALUE, DATE, SUBJECT_ID, STUDENT_ID) VALUES (1,4,'2018-04-07',5,1),(2,4,'2018-04-07',7,1),(3,4,'2018-04-07',6,1),(4,5,'2018-04-07',2,1),(5,5,'2018-04-07',2,2),(6,5,'2018-04-07',1,2),(7,5,'2018-04-07',1,2),(8,3,'2018-04-07',3,7),(9,4,'2018-04-07',3,7);
INSERT INTO `schedules` (SCHEDULE_ID, GRADE_ID, DAY_ID) VALUES (1,1,1),(2,1,2),(3,1,3),(4,1,4),(5,1,5),(6,2,1),(7,2,2),(8,2,3),(9,2,4),(10,2,5);
INSERT INTO `schedule_rows` (ROW_ID, SCHEDULE_ID, SUBJECT_ID, LESSON_ID, TEACHER_ID) VALUES (1,1,1,1,9),(2,1,2,2,10),(3,1,3,3,9),(4,1,4,4,9),(5,2,5,1,15),(6,2,6,2,14),(7,2,7,3,10),(8,3,8,2,12),(9,3,9,3,11),(10,3,10,4,15),(11,4,11,1,9),(12,4,12,2,10),(13,4,12,3,11),(14,5,11,1,12),(15,5,10,2,12),(16,5,9,3,13),(17,6,8,2,14),(18,6,7,3,15),(19,6,6,4,12),(20,6,5,5,13),(21,7,4,1,10),(22,7,3,2,11),(23,7,2,3,9),(24,7,1,4,15),(25,8,5,1,14),(26,8,5,2,12),(27,9,3,2,13),(28,9,6,3,9),(29,9,6,4,10),(30,10,8,1,11);
